,(Everything I Do) I Do It for You,7 Rings,A Whiter Shade of Pale,All About That Bass,All I Want for Christmas Is You,Bad Romance,Bei Mir Bist Du Sch√∂n,Blurred Lines,Call Me Maybe,Chirpy Chirpy Cheep Cheep,Dance Monkey,Despacito,Earth Angel,Gangnam Style,Girls Like You,Grenade,Havana,Hips Don't Lie,I Took a Pill in Ibiza,I Want to Hold Your Hand,I Will Always Love You,I'm a Believer,If I Didn't Care,In the Summertime,Kung Fu Fighting,Lean On,Let It Go,Love Me like You Do,Love on the Brain,Love Yourself,Macarena,Moves Like Jagger,Mundian To Bach Ke,My Heart Will Go On,My Sharona,My Sweet Lord,Needed Me,Old Town Road,One Dance,Right Round,Rock Around the Clock,Rock Your Baby,Rolling in the Deep,Rudolph the Red-Nosed Reindeer,See You Again,Shape of You,Silent Night,Somebody That I Used to Know,Something Just Like This,Sweet Mother,Tennessee Waltz,The Last Farewell,Thinking Out Loud,Thrift Shop,Un-Break My Heart,Uptown Funk,Wabash Cannonball,Waka Waka (This Time for Africa),We Are the World,Y.M.C.A.,"Yes Sir, I Can Boogie",You're the One That I Want
0,1.0,3.146449368549685,1.4346350833755548,2.028704706818816,5.011793098045977,1.294954796980042,1.955902863391312,2.51626446681241,4.372027162172747,6.364913290124507,4.519828029213808,5.609566937329107,5.122118907018934,1.4696919380833864,5.587282032244555,4.970926508118163,5.84988911219734,1.6648557609877268,5.00147684389056,6.331655882492507,1.916350006611148,3.4431493653258385,2.4000224004167343,7.363116939119284,1.6869021011120282,17.820362771512055,1.7109627363003606,3.2378024881225915,7.047941070260171,5.584255611656773,8.078387132363678,3.497922157200955,2.7548042742723218,1.660363977050287,4.974793106223564,3.0170021152550595,3.902642517045442,5.655726762752423,3.872257104535584,4.879803592617875,5.580582264539217,1.6634353913057849,3.5593603947313817,5.115216964540421,3.839330288900757,6.083150296554348,2.0545850884233263,6.592816788375618,5.120381209497846,2.806627958864925,2.0288333536046355,9.320300662042188,1.6788209030743284,1.4961059941421375,2.1453973894597334,2.542311655341456,4.562791437873531,1.5360546847238343,1.7924289894001604,5.168807627146893,2.5978455851801714,1.6346132093102108
1,3.146449368549685,1.0,3.07462133730259,1.742379899780855,6.1448684048049085,1.9018402057653545,3.213015795402232,2.978974562587424,4.19347053897825,5.818439097203092,2.6402039062828933,3.050350470811344,4.6326891168621485,3.4866960688621687,1.6144774936093826,4.594611782443731,3.850002743718583,1.7103851938639525,3.432932726283336,6.017579538600213,3.713396353617904,3.674886845926008,3.7554338829604896,6.955748848698934,4.348074874154548,6.903021959911903,3.1535225820430663,3.132713899418163,3.2066732944773304,4.670129671498749,10.514775948761727,3.189011599041074,2.866470331152008,2.1880031093162966,4.355594843842163,3.326221451307484,1.1286658338524755,2.997686181272624,2.307336829203786,4.106158914057154,5.34936584049732,4.20844917309877,3.862658348741671,6.158256364327302,2.071851976343048,3.3402240078315395,2.9403070643054137,7.551546480615756,2.142793491050448,3.0126058007327576,2.938620610706534,9.186025121572506,1.8927336350210384,2.483267416129172,2.6231704988934936,2.132873405797721,3.2941551687668817,1.5213289678177535,4.270013492766541,5.458487074378648,2.748705728154554,1.8792486501826935
2,1.4346350833755548,3.07462133730259,1.0,1.5867582919446743,5.336445276318356,0.981748161880418,1.6223773780876698,2.1810282661653893,4.000060405237,6.045076051281989,5.547759709431227,6.883452539551654,5.379709431324599,1.374870633918874,6.0870137261425015,5.535357607294335,6.449152978853215,1.3891546533244536,5.355297500781508,5.777552703547317,1.6897431621693575,3.4037481948447272,1.9099554731937352,8.5459040982287,1.179217636889967,18.82901695570746,1.4899848808186409,2.760895058532408,8.966237968129066,5.340786570818787,11.974844806475868,2.90653593877126,2.825790964817839,1.2518627258673594,5.114890871943802,2.45817157714196,3.4350934092048613,6.726573507134143,4.48381296232073,4.799377001069782,5.247496502271932,1.3219505877152178,3.389575625180392,5.718061214328273,2.791819660686726,6.245575672736683,1.974197796497386,7.13077169337907,4.79934872414306,2.45571859532317,1.349739863630352,9.750558241208662,1.266202282850336,1.0355879737412936,2.390715145957148,2.3181324595863533,4.626049236862378,1.3351424474053797,1.6749993882318004,5.01289343309897,2.4105845188577395,1.5813955195981246
3,2.028704706818816,1.742379899780855,1.5867582919446743,1.0,6.074249118989964,1.4588252637751151,1.8614526880952256,2.520304708235607,5.351609227685287,7.101718013581444,3.789774595213578,5.222322793933219,6.621654840999995,1.5600603859991726,4.069889074744488,5.106406427004922,6.101827556536885,0.5395576376228888,4.504431337067832,7.241129701197611,1.645613291618253,3.9281887241814255,2.897322961654475,7.389836005097836,1.0481218021854697,20.58786181731609,1.774636899784144,4.144161774736705,6.481395161194982,6.14424745300274,6.737637149889645,4.37143130143866,4.583614889609581,2.112293760584533,5.408227432965983,3.2455398915823777,2.7140098805818065,4.5825552242768,3.423518999504734,6.277188111315464,6.383074563694914,0.8707112512650007,4.439527376458054,6.863509808340088,3.858579646497736,7.467432838845474,2.4801913588770805,7.562957807733146,5.520038362410435,3.1667013550637053,1.9268455122405077,10.454484569523103,1.659538922753619,1.1744898052042207,2.8334738052924946,3.878160225742382,5.053604297257595,0.698478734022466,1.1839267972415084,5.632629090927002,2.7098327053707068,2.0748108920521444
4,5.011793098045977,6.1448684048049085,5.336445276318356,6.074249118989964,1.0,5.732166797913257,5.253441922069055,4.421999782516957,5.043722489294762,5.900536393753195,6.044562535393935,6.345503979467097,5.575003572450749,5.853867563551722,7.005635704264384,6.437397275882049,5.324935048869448,6.826737181894005,5.198374372564675,5.066713063862597,6.035568516758671,4.576009847405978,4.829299073598703,7.126314029609309,6.2537325132650174,18.71765086846571,5.794572375415059,5.790300707009059,5.353069012904258,5.531384993870707,7.046754014398932,5.017933686580188,4.530609423499191,4.5732757446144765,4.242056448869535,4.893591563201891,6.692352588611024,6.14280875413091,6.126385360174919,5.1084393284706975,5.514856578317635,7.098327126915503,4.252429475027069,3.4572450808087285,5.087282546318953,7.707033605242261,3.6021740401609,5.387317731298282,8.7631226620752,3.9240418488091935,4.8980673286255065,8.370360680186854,6.223447042340481,5.001863930443373,4.939585388573786,6.494546364392827,5.087663545914817,6.111224731192066,6.723941312211973,5.605579886618596,4.726572779824904,4.516083917373933
5,1.294954796980042,1.9018402057653545,0.981748161880418,1.4588252637751151,5.732166797913257,1.0,1.7619888393871632,2.391361269075343,4.7053497759463445,6.535659523468371,4.3214533316903525,5.836491099001304,5.685093274087924,1.414190483737166,4.073024735492494,6.191438614704913,5.523299839658096,0.9301552900368965,4.93205496982239,6.380664249084565,1.7039555849892138,3.5998678959230137,2.2804987573435955,9.46731525832212,1.058060759943301,20.192999886125207,1.3092863622283122,3.6539691608307474,7.534343126832262,5.171227141705466,12.716613773315167,3.753263042375492,3.0270662677294453,1.3600924737549946,4.811057826612355,2.7318886376517195,2.008621966039681,5.490265922999547,3.509323790800493,5.059056109336299,5.685285568200694,1.0702763519839946,3.948377553030942,6.121407795350013,2.999913628785055,7.23589186348851,1.7768072962881842,7.817240529664606,5.423824662711279,2.829203818175168,1.5189274389262335,10.029648736635911,0.8941602392182171,0.7902529137930008,2.332005262922774,2.576139071842071,4.5705559826333975,0.876278888042322,1.3945305518562283,5.265398269793998,2.493415096436519,1.4981935646243574
6,1.955902863391312,3.213015795402232,1.6223773780876698,1.8614526880952256,5.253441922069055,1.7619888393871632,1.0,1.703378084210757,3.395037274867388,6.534869884512636,4.427597735376764,4.511139252371389,4.748252775623454,1.4964301890040774,4.996387040751448,6.011394952927713,5.675958558038668,1.909375546781092,4.094870866207893,5.959979836406022,1.7742614662507978,3.1955006420517136,2.0330530540551672,9.5434914038062,1.6443276822160662,13.699453972510325,2.1101115748267176,1.691633259636807,5.889572907505562,5.523669903135303,10.4736006398069,2.511718181560476,3.3726756848842663,1.9654818537355208,4.234230894893049,2.9279394211308625,3.576353977853763,4.9955648184406245,3.4188547438961905,4.0329285359536495,5.277252195055433,1.8405206738420783,3.423946656030808,5.425999600628175,3.922951416818244,3.977757758522628,2.2103556521041074,7.78580765696791,3.5084354879561284,2.3760863340390816,1.4364986594904994,9.556959424980963,2.2301991892608464,1.4923357328338231,2.1791753273450847,2.694799879178148,3.955238904541301,1.793908123516528,2.058611788887162,5.038920101517118,2.405973615379504,2.052283862962942
7,2.51626446681241,2.978974562587424,2.1810282661653893,2.520304708235607,4.421999782516957,2.391361269075343,1.703378084210757,1.0,3.162314064602751,5.703334244338454,4.153721810005052,4.751978651865345,4.912281110695641,1.953753956099869,4.390185631502861,4.145770348473669,5.076085560363606,2.6077341536445804,3.353913604879774,5.589441475697421,2.180154800690113,2.702456374673714,2.3572128416427107,6.259592286689583,2.312907088409432,15.58017863633636,2.6450219642608443,2.485848397757627,5.448149760667977,4.825856928068946,6.142173763002919,2.9127117137178757,2.889684781731279,2.240062942123789,3.565783416714348,2.891524670944146,3.094347387280896,4.970356091581512,3.5767830078916654,4.227062132855285,4.972920735990154,2.670516723297024,2.8944565853441,4.795331434911477,3.207238107511262,4.696827162428823,2.506015693358886,5.88845410188689,5.062035418285819,2.3884188314687664,1.7936124342949145,9.238061737297828,2.6682755519707357,2.0975949620861827,1.9205430735750908,3.349612325171699,3.7198856014569817,2.42192672242333,2.9878128940102795,4.752525552865016,2.375988178803898,2.210462994083422
8,4.372027162172747,4.19347053897825,4.000060405237,5.351609227685287,5.043722489294762,4.7053497759463445,3.395037274867388,3.162314064602751,1.0,4.698663157712457,4.727410452452791,5.184865625215646,3.495995780794335,4.488629942455981,5.731451774552643,5.051492018585369,4.405301858289588,5.792598908146444,4.1582348511521365,4.318097738900189,5.273139477712513,3.4286696848018203,3.0797499489272937,6.800680335110131,4.864410180634244,12.2733207115223,5.708227012565507,3.171614787760626,5.90734149485153,5.034550556885359,6.642237961536447,3.030633557840684,3.358851421885418,3.911128930033193,3.772440247303531,4.234858281517819,4.837969823173628,4.639126473199617,4.310435187849223,3.4442327752569715,3.819869896065834,6.134366061411189,3.2933423406355047,5.27683234294023,4.121540985008116,4.374212524935633,4.105059067969428,5.460587379997922,4.698598706256588,4.439691020713326,3.901093235945824,8.01640012189759,4.24075966125348,4.145419081090531,3.838794544168142,3.4375090021717982,3.5660297681660413,5.391416334660031,6.173997153383086,3.9830442197641047,4.601522568452637,3.5173043426037074
9,6.364913290124507,5.818439097203092,6.045076051281989,7.101718013581444,5.900536393753195,6.535659523468371,6.534869884512636,5.703334244338454,4.698663157712457,1.0,6.177809164583252,6.241058404157497,4.513221036315223,6.533537217150678,6.766999515388963,4.769306977348451,5.325449811988872,7.243637983966681,6.08758197946837,4.258910410475723,6.772057684530098,5.338553915890599,5.425135944243441,5.344018966133469,6.977694066733116,13.841912059389632,7.184390697041407,5.693676863015605,6.525182932795144,5.403853208167388,6.825234611533821,5.444525213336106,5.156977996865135,5.760356210372209,5.0509859851182295,5.671322562131029,6.200302162281709,6.16529447430228,6.812404814673816,4.824901245889711,4.399456287472719,9.569664527357462,5.302802010080852,6.217222509889204,5.703905724522532,6.5912160763879655,6.027454048654971,4.280919786406126,6.908388698261618,6.132255064222688,6.273758344064868,7.024113558289692,6.073995861333544,6.029436765987992,5.850011418130011,5.898240785225891,5.034124610224614,6.830515133185368,7.902300574226663,5.007981932968181,5.9194518108609495,5.869432412023093
10,4.519828029213808,2.6402039062828933,5.547759709431227,3.789774595213578,6.044562535393935,4.3214533316903525,4.427597735376764,4.153721810005052,4.727410452452791,6.177809164583252,1.0,2.093618009645801,5.154879725084836,5.319077082260074,3.668623833131305,3.962373207207498,3.516093092592343,3.704139232697813,2.953278776530694,5.598362176612494,7.385081699489278,4.827160943179626,5.085819193693366,5.213046442114462,7.66909613141246,15.518905793478554,3.930733156917101,4.466623038024023,2.401895340276826,4.119348833740302,7.384849911391259,4.538544117409542,3.900581679637044,3.9448426793545135,4.095312692527448,4.103458887291819,2.602920600050263,2.826784882021624,1.738227977178029,4.3485005846112585,5.656082775354525,9.13841285672414,4.137182963034039,6.946917103971417,2.663491595591499,4.026510583979313,3.833711263458045,6.405745514843266,5.4535603278671525,3.2965691715548724,4.710981873288237,8.026645329128339,4.743259286359816,5.093147879320373,3.9081272427852554,4.843444761234135,3.484046696195388,3.32109812061284,8.031044673554083,5.707621182019667,3.451445840924107,3.650515349191183
11,5.609566937329107,3.050350470811344,6.883452539551654,5.222322793933219,6.345503979467097,5.836491099001304,4.511139252371389,4.751978651865345,5.184865625215646,6.241058404157497,2.093618009645801,1.0,5.228478582738466,5.319601432220487,3.824080465292001,5.766556391970582,3.81677483604035,5.276004993931072,3.207768955209709,6.108304554994023,7.804061537201994,5.414769721407347,5.556409600538773,6.919434780842866,8.578772866776914,14.398903339509362,4.285593551111499,4.602135206994706,2.599920897097709,4.592724806092487,10.934958827045872,5.8459087077048615,5.105406485345532,5.236283806157626,4.4319037335063225,6.332752551740373,3.096621368009303,2.628049185343884,2.070276948043016,4.03339319527526,5.698928619895636,9.17486338655843,4.451010410608099,6.794348309979751,3.549406034023144,4.20540265761751,4.510318715787162,7.273750363043115,4.996504941985272,3.5733899408750918,4.807838662167822,8.240584287662248,6.240558240306107,6.499637830154338,4.444982909933515,5.466324553039942,3.5057667423357124,4.297528213493843,7.127484670103913,6.071771315644195,3.8801893814849095,4.911052762590193
12,5.122118907018934,4.6326891168621485,5.379709431324599,6.621654840999995,5.575003572450749,5.685093274087924,4.748252775623454,4.912281110695641,3.495995780794335,4.513221036315223,5.154879725084836,5.228478582738466,1.0,5.703816271329844,5.404541428621122,5.108893974340576,4.4297848683395165,6.925651716818748,4.717571526066181,4.236860835234817,6.523055192912272,4.841825829946808,4.350009986966605,5.947060189105264,6.119477750124717,11.652153508203114,6.691772302712712,4.374391262016909,5.359844194482946,5.1711304498193,7.951566431775077,3.9539206335464208,3.6701914927728896,5.063002189075704,4.353861913148394,5.233805193403657,4.918015714557551,4.854560755798207,4.669093875337388,3.2587004448416264,3.8634253668381127,7.667276006980658,4.092467669915108,5.65223565452604,4.916454400677033,4.555470878157092,5.241781462652141,5.001625094318875,5.373202732304398,5.533761476986039,5.403557368905388,7.606873711917289,5.130568474681329,5.724018884665085,4.486767316164342,4.299073581894827,3.821601330901767,6.748049035381673,6.853095085578353,4.286276307079636,5.876993955253793,4.431512266245873
13,1.4696919380833864,3.4866960688621687,1.374870633918874,1.5600603859991726,5.853867563551722,1.414190483737166,1.4964301890040774,1.953753956099869,4.488629942455981,6.533537217150678,5.319077082260074,5.319601432220487,5.703816271329844,1.0,7.202054558762683,5.955692547565643,7.744077171725571,1.485967367881471,4.77944853644377,6.758695162998918,1.1526268790702547,3.768096275213445,2.149286165857529,8.713267520043555,1.1249044514536244,19.22145938835098,1.6572550454465274,2.9435340547060544,7.346139869116997,6.753009487648656,12.802482776305006,3.5246343428519977,3.919767607898759,1.890717539032185,5.065994792059196,3.0704415502456293,5.183322765156459,4.962199227719412,4.827578725260598,5.46505316322104,5.994707918832324,1.2374713252159666,4.117508422164154,6.937405621512501,4.403959875980438,6.359531192580552,2.052110077604575,8.02864439173375,5.393973728981327,2.8418902141175133,1.4015599527944826,13.063755500179052,1.7171432667486746,1.2569597763871965,2.343402693553009,2.7211425526276165,4.792846832663034,1.415223159028591,1.553137293639821,5.355515997863651,2.434856038580061,2.190957535043577
14,5.587282032244555,1.6144774936093826,6.0870137261425015,4.069889074744488,7.005635704264384,4.073024735492494,4.996387040751448,4.390185631502861,5.731451774552643,6.766999515388963,3.668623833131305,3.824080465292001,5.404541428621122,7.202054558762683,1.0,3.7943705592573815,3.9606956270356335,3.722960439989166,4.227441545175108,6.169489814004119,7.435375910322437,5.155487703483475,6.900253271161239,5.868653689319932,8.414797755758505,15.697960339949846,4.843311414920289,5.442187248338725,2.859891609295317,4.674875933811381,8.665969209990976,5.469641143404269,3.541735978739481,4.439167161361452,5.978894486957326,5.049614582817431,1.572095506438363,3.088378250024391,3.20068216996288,4.61655578520139,6.2349930346351226,9.749649641393429,4.660472532762855,7.868891285943984,2.569941729415317,5.311344991557832,4.848630761976726,7.582525013132114,5.783514485062659,4.031363262195796,6.131787528864241,8.855166153716254,4.355722767973943,4.701018800147259,4.35048406653085,4.779943522923315,5.00837874285275,3.3848622312823653,8.787317320345451,6.447569112823471,3.7202053839418494,3.599424820283136
15,4.970926508118163,4.594611782443731,5.535357607294335,5.106406427004922,6.437397275882049,6.191438614704913,6.011394952927713,4.145770348473669,5.051492018585369,4.769306977348451,3.962373207207498,5.766556391970582,5.108893974340576,5.955692547565643,3.7943705592573815,1.0,4.669980256287242,5.828970399086691,6.243449664987901,4.459663301356359,5.568672424696832,4.533824830520807,4.4357927742474255,3.6179631798460954,5.953170683337056,20.636184687518824,6.323824386691276,6.463046284879292,4.72377916643238,3.7829989612377086,6.3222865374105455,5.075921522977815,4.061089255097049,4.858095614160038,4.659724182340028,3.6577924921308114,6.109477996632912,4.928094522129101,6.957946032429223,4.582268591114394,5.224974583170838,8.840916388353737,5.122259274818443,7.752338618273834,3.053455884022255,8.668360457839219,4.821596290404997,4.560207460909907,8.880316029106512,5.681296982340815,4.573918496828297,8.252522736203458,6.5074912884718925,5.223671777216968,5.210992455645613,7.569169980724386,4.165849648436279,5.310796670150952,6.835499713354647,5.411664460254053,3.807051709664944,4.899564103006147
16,5.84988911219734,3.850002743718583,6.449152978853215,6.101827556536885,5.324935048869448,5.523299839658096,5.675958558038668,5.076085560363606,4.405301858289588,5.325449811988872,3.516093092592343,3.81677483604035,4.4297848683395165,7.744077171725571,3.9606956270356335,4.669980256287242,1.0,6.039013104327932,4.131342601873355,4.918654567721387,8.299709755864347,5.186073871347081,5.432116856616254,5.116522072088762,8.514333094631567,14.6222175074083,6.017660795463048,4.618509614818921,3.655829674858341,3.753665213519997,7.835891237183957,4.719087747306218,4.805754388421752,5.2789758435615335,4.064338986837076,5.27322768816914,4.028941775974665,3.716622667409441,3.91121166023148,3.633222891537248,4.721581339273169,10.516250194199213,4.089221691243101,5.487626345268135,4.4013327744111415,4.3298175839488575,5.40606977182748,5.274694215715738,5.6044127735382485,4.290388012254522,6.015389137639632,7.320468702447284,5.654970722827873,5.917802817409484,4.922911803770647,5.154642365051164,3.6420950183485687,5.934243684959252,9.260601196256532,5.592499354105682,4.966432153816682,4.76316357240956
17,1.6648557609877268,1.7103851938639525,1.3891546533244536,0.5395576376228888,6.826737181894005,0.9301552900368965,1.909375546781092,2.6077341536445804,5.792598908146444,7.243637983966681,3.704139232697813,5.276004993931072,6.925651716818748,1.485967367881471,3.722960439989166,5.828970399086691,6.039013104327932,1.0,4.838573198476143,7.300077260966664,1.6883917221086746,4.055639601539396,3.022817375422407,7.853397864214874,0.8332799590867936,21.320645683078723,1.550582809905933,4.718733381335736,6.7894675023696,5.1912604235555895,10.533678373221292,4.805913667558333,4.429732806395713,1.8179111189829615,5.091184576405468,3.1320008222120923,1.8753236708891483,5.011636450910348,3.2454786150707835,6.247208488033618,6.369941015568714,0.6994501173492087,5.031277762367711,7.552470724904684,2.740199667636204,7.817282598033518,2.246506288436498,8.310843977285524,5.57337638685318,3.250502034479529,1.636774945581626,11.60598909112427,1.0385902334151575,1.0262013201874056,2.926433273810011,3.733191608930177,5.190481932556226,0.4129775507132627,1.0732700116952436,5.75145809966775,2.8943184521468464,1.991254404327903
18,5.00147684389056,3.432932726283336,5.355297500781508,4.504431337067832,5.198374372564675,4.93205496982239,4.094870866207893,3.353913604879774,4.1582348511521365,6.08758197946837,2.953278776530694,3.207768955209709,4.717571526066181,4.77944853644377,4.227441545175108,6.243449664987901,4.131342601873355,4.838573198476143,1.0,5.84893646748481,6.972363801491307,4.652235723893004,5.109882452563704,8.118119023411518,7.401089912305501,15.698454350913996,4.5746636111980274,3.807287633269631,3.783636148827904,4.735197499320677,12.66451539766819,4.488336750662788,4.412564886937131,4.366632262525891,4.354192096726961,5.913804542084847,3.8451747938490586,3.3367242179727685,3.186442426971416,3.973540871741623,5.113631993551183,9.480754959191808,3.068013670805421,5.575243179456336,2.804796748582501,4.785913874433584,3.83941624682626,7.6346509489905054,5.967155527089775,2.3164532768448467,4.048830231915608,8.55088612282072,5.476687741415977,5.6808328709251015,2.7866898540840626,5.616089846733489,4.001106869114662,4.224673367163926,7.712034989378869,5.082480514425953,2.9690744798372566,3.8392072118068503
19,6.331655882492507,6.017579538600213,5.777552703547317,7.241129701197611,5.066713063862597,6.380664249084565,5.959979836406022,5.589441475697421,4.318097738900189,4.258910410475723,5.598362176612494,6.108304554994023,4.236860835234817,6.758695162998918,6.169489814004119,4.459663301356359,4.918654567721387,7.300077260966664,5.84893646748481,1.0,6.731107275301298,4.766110059527215,4.716560670529242,4.700032041494008,6.793338492139595,15.493793765947888,6.974823374447058,5.660605150428624,5.873243307442605,4.726751433607683,6.821695037144961,4.591529357415976,4.382191854445376,5.325806953968124,4.52109737534116,4.963592466678982,6.0429734170974845,5.669454447844526,6.208045030923735,4.656092682585912,4.404262364850596,8.878621874888402,4.221293072541442,5.556551719049658,5.233617678732868,5.704511359597586,4.906218890795598,3.9622886101713046,6.870705537957675,5.752320508181952,5.90893102971032,7.135129573692095,6.059865481464204,6.024982072583613,5.663536469670943,5.729852142280288,4.776504698979117,7.015463852556676,7.715506643448922,4.596049272308375,5.814674711372346,5.527449267414504
20,1.916350006611148,3.713396353617904,1.6897431621693575,1.645613291618253,6.035568516758671,1.7039555849892138,1.7742614662507978,2.180154800690113,5.273139477712513,6.772057684530098,7.385081699489278,7.804061537201994,6.523055192912272,1.1526268790702547,7.435375910322437,5.568672424696832,8.299709755864347,1.6883917221086746,6.972363801491307,6.731107275301298,1.0,3.624092379681881,2.554533187637015,8.182449352910456,1.5420907589673645,21.0866571835466,1.4326117938991298,4.495514826373697,10.5771464124811,6.575842241554276,11.77480413107152,4.667720425029342,4.3137143600909145,2.105595083452906,5.4844448893242665,3.16584889399063,4.7082096746823385,8.321684115947757,5.710145959534957,6.2931154306262,6.093786578303477,1.626063128768783,4.243704977823787,6.60119521440225,3.9676753265466207,7.82864934257046,2.268559669382055,7.531178481018789,5.718113100331909,3.1013224669716686,1.5132152505388683,12.979673981627386,2.045949056088975,1.6607561322730937,2.3114436518141623,4.133411366017703,5.862955731513221,1.656694169373288,1.779925310142302,5.658948834957767,2.584497069931881,2.1539418207248118
21,3.4431493653258385,3.674886845926008,3.4037481948447272,3.9281887241814255,4.576009847405978,3.5998678959230137,3.1955006420517136,2.702456374673714,3.4286696848018203,5.338553915890599,4.827160943179626,5.414769721407347,4.841825829946808,3.768096275213445,5.155487703483475,4.533824830520807,5.186073871347081,4.055639601539396,4.652235723893004,4.766110059527215,3.624092379681881,1.0,2.829443840966848,6.5211999448971065,3.82101440817883,18.58929376483761,3.843042197406812,3.9059850022569793,6.268371444079432,4.916109674788386,6.381651019934392,3.7512534868714194,3.1673283154796223,3.043908334275415,3.5752572185745275,2.8587840444459345,4.257284857324192,5.511489654732716,4.979338525745172,4.044951937689642,4.761320297902633,4.131680943226013,3.1812401666733154,5.047210738699575,3.208492459494248,6.612970045072089,3.042393927991023,5.484584244435006,5.931912264567294,3.161927022379359,2.8432661660045917,9.0731173931327,3.6066841705014654,3.354213231772317,2.779009958507597,3.888615586155236,4.132788509973524,3.874191393484911,4.153884684262472,4.640427844538944,2.953149520934365,2.7811636976885232
22,2.4000224004167343,3.7554338829604896,1.9099554731937352,2.897322961654475,4.829299073598703,2.2804987573435955,2.0330530540551672,2.3572128416427107,3.0797499489272937,5.425135944243441,5.085819193693366,5.556409600538773,4.350009986966605,2.149286165857529,6.900253271161239,4.4357927742474255,5.432116856616254,3.022817375422407,5.109882452563704,4.716560670529242,2.554533187637015,2.829443840966848,1.0,6.88461221250439,2.4225865573013223,16.039539688660593,2.8083969184181283,2.1299108059093226,6.430580716664108,4.939578882348411,5.64158916852134,2.126971336880751,2.6735617070714297,1.936609137824504,4.190034650253516,2.563618155885855,4.402092973388063,5.452573921811597,4.773818603088507,3.987751017444544,4.566093070269127,2.920197799140543,3.2341864008613603,5.5794736770660425,2.935342495686476,4.786084983895831,2.5653970544111098,5.453329401931434,3.9871062797351726,2.976809477344944,1.8050167964148036,8.932933580293527,2.190330836254992,2.052387818933259,2.3861226418966472,2.4352214811754327,3.872273667901285,2.7331800066865077,3.0670333395068488,4.21473536823315,2.8385741560577604,2.239474339742096
23,7.363116939119284,6.955748848698934,8.5459040982287,7.389836005097836,7.126314029609309,9.46731525832212,9.5434914038062,6.259592286689583,6.800680335110131,5.344018966133469,5.213046442114462,6.919434780842866,5.947060189105264,8.713267520043555,5.868653689319932,3.6179631798460954,5.116522072088762,7.853397864214874,8.118119023411518,4.700032041494008,8.182449352910456,6.5211999448971065,6.88461221250439,1.0,9.402290968871691,21.842992269311107,8.801545559730512,8.683073900537806,5.8444574605804736,4.9892321729876326,5.133214583662833,6.99305851000065,5.4000348424634,7.391661882665994,5.647858882150433,5.599699674982348,8.058982275687374,5.990151875992535,8.870671429464243,6.340928331435355,6.189280275096679,12.921488329928112,6.345133744763446,8.431883025904385,5.307070015333928,9.736764667573144,7.343989078410637,4.7627187352488,10.71642231955854,7.504837545230806,6.637042997001911,6.980666980354322,8.82536267728876,6.248030289505229,7.310200812636421,9.945020469606106,5.123036381495395,8.18813455200123,10.333196760424716,6.327238821363333,5.605473298343939,6.9201374526600015
24,1.6869021011120282,4.348074874154548,1.179217636889967,1.0481218021854697,6.2537325132650174,1.058060759943301,1.6443276822160662,2.312907088409432,4.864410180634244,6.977694066733116,7.66909613141246,8.578772866776914,6.119477750124717,1.1249044514536244,8.414797755758505,5.953170683337056,8.514333094631567,0.8332799590867936,7.401089912305501,6.793338492139595,1.5420907589673645,3.82101440817883,2.4225865573013223,9.402290968871691,1.0,20.252707731379715,1.3416301747765118,3.548224201584356,11.77889515010583,6.585139500370393,13.517296230906926,3.786197136044464,4.1694839263142285,1.7935240331294269,5.832137076967743,2.904672296299852,5.101811863687736,8.699365221646875,5.889691361758688,5.672857089597899,6.178814587698225,0.5987091369676397,4.2350976493231975,7.158111455213588,3.545323677653033,7.031584709033472,2.04463067110762,8.441604009376979,5.293468705215989,3.240397130825264,1.3912023656127774,14.26775067680974,1.4361521051196728,0.8442236592327181,2.79486806202046,3.539105761745704,5.508445316371744,0.9903236627359632,1.065146632055331,5.497502401342691,2.821483578288011,2.0556376686098403
25,17.820362771512055,6.903021959911903,18.82901695570746,20.58786181731609,18.71765086846571,20.192999886125207,13.699453972510325,15.58017863633636,12.2733207115223,13.841912059389632,15.518905793478554,14.398903339509362,11.652153508203114,19.22145938835098,15.697960339949846,20.636184687518824,14.6222175074083,21.320645683078723,15.698454350913996,15.493793765947888,21.0866571835466,18.58929376483761,16.039539688660593,21.842992269311107,20.252707731379715,1.0,20.871090833083592,14.819543612095918,17.792801955625123,18.326000262995446,23.229318437798064,13.159895491735842,14.529899780608863,19.1359263804453,17.103083748991963,20.151574365879974,11.85094147366519,6.8971252691960645,5.793294781156941,14.683667313799711,7.123031016788958,20.750800530805787,15.199010638578994,17.599336691302756,19.592953779076552,4.09214959721151,19.117607989824094,16.528772537009925,4.026752105419456,20.58646936016918,19.18578104881291,12.526734538161962,18.91051027320317,18.724923285259838,17.676372099299144,16.103951057978023,9.120453150705188,21.22317360035738,21.22970770143771,11.14233276066158,20.279950301182005,18.17968312299509
26,1.7109627363003606,3.1535225820430663,1.4899848808186409,1.774636899784144,5.794572375415059,1.3092863622283122,2.1101115748267176,2.6450219642608443,5.708227012565507,7.184390697041407,3.930733156917101,4.285593551111499,6.691772302712712,1.6572550454465274,4.843311414920289,6.323824386691276,6.017660795463048,1.550582809905933,4.5746636111980274,6.974823374447058,1.4326117938991298,3.843042197406812,2.8083969184181283,8.801545559730512,1.3416301747765118,20.871090833083592,1.0,4.422544350018771,4.76168104609119,5.280417814737925,12.866181370112756,4.649566522855023,3.597446181125003,2.009236184057641,4.767071443752833,2.796795704241423,3.2901730562330527,4.844497841698711,3.2768404692781536,6.172484315856248,6.204523089782262,1.2878758113690452,4.611585793368399,6.575367809423873,3.595884155602588,7.808926356463298,2.210564145174567,8.156961758515909,5.789373810149358,2.934661625535371,2.041574337260675,10.501434218449312,1.7268151873108168,1.3694075668655703,2.465432414631607,3.516302310877505,4.984923642581524,1.4537965889947488,1.4648907757525849,5.666955739365964,2.655087362350358,2.003028240907836
27,3.2378024881225915,3.132713899418163,2.760895058532408,4.144161774736705,5.790300707009059,3.6539691608307474,1.691633259636807,2.485848397757627,3.171614787760626,5.693676863015605,4.466623038024023,4.602135206994706,4.374391262016909,2.9435340547060544,5.442187248338725,6.463046284879292,4.618509614818921,4.718733381335736,3.807287633269631,5.660605150428624,4.495514826373697,3.9059850022569793,2.1299108059093226,8.683073900537806,3.548224201584356,14.819543612095918,4.422544350018771,1.0,5.597468856968171,5.114395810924988,11.09281528470669,2.241191519751029,3.621516381520241,3.1923074878872644,4.726014141368276,4.390300435743618,3.833494578088189,4.343950716832187,3.4649105847814887,3.717022637075841,4.85466432091145,4.211770506037416,3.5704626187689232,5.941829117770864,4.127263307396195,3.259649395143398,3.7702270729708,7.609568626015178,3.3723182841542823,4.011781109383879,2.8793337859315526,8.612130209415925,3.1086690429412207,2.6970748408623395,3.3156721786182275,2.1966383292106157,3.859843034089726,4.637077491093497,4.642695022701261,4.702766021108377,4.018672905690861,3.077629759882467
28,7.047941070260171,3.2066732944773304,8.966237968129066,6.481395161194982,5.353069012904258,7.534343126832262,5.889572907505562,5.448149760667977,5.90734149485153,6.525182932795144,2.401895340276826,2.599920897097709,5.359844194482946,7.346139869116997,2.859891609295317,4.72377916643238,3.655829674858341,6.7894675023696,3.783636148827904,5.873243307442605,10.5771464124811,6.268371444079432,6.430580716664108,5.8444574605804736,11.77889515010583,17.792801955625123,4.76168104609119,5.597468856968171,1.0,4.1014110248703535,10.196358891982138,7.252779984519726,5.639388426925983,6.279033792684886,4.279250825073576,5.236162313432515,3.3050976028770647,2.870110728506535,2.7942119550585005,4.6302382472842165,6.032630313846733,13.199833925880826,4.943415220683343,6.48216512683782,4.455675557045141,5.586732496047204,5.141339300640652,6.506415129552188,6.963861140004794,4.2620331636023625,6.31029116635016,8.043380099472806,8.116023688066875,8.452259734375032,5.522691614557944,7.498606743609507,4.047056122639455,5.438820180216749,9.267944398265136,6.841701423410131,4.198150668873601,6.187589748329455
29,5.584255611656773,4.670129671498749,5.340786570818787,6.14424745300274,5.531384993870707,5.171227141705466,5.523669903135303,4.825856928068946,5.034550556885359,5.403853208167388,4.119348833740302,4.592724806092487,5.1711304498193,6.753009487648656,4.674875933811381,3.7829989612377086,3.753665213519997,5.1912604235555895,4.735197499320677,4.726751433607683,6.575842241554276,4.916109674788386,4.939578882348411,4.9892321729876326,6.585139500370393,18.326000262995446,5.280417814737925,5.114395810924988,4.1014110248703535,1.0,8.164767550946811,4.917359264613887,4.360876031419198,4.733200280895549,4.5969187834726535,4.64971332737523,4.359255481823804,4.490920728121365,4.990448055447496,3.9517579280542856,5.204733202390829,8.459185847039269,4.148235352762538,6.51150651023588,4.148985640896565,6.272936620796644,5.329876351439109,4.97788115857424,7.288526963448686,4.631156256576493,4.963214534737201,7.842928952711805,5.230033011464604,5.189405598758975,5.174298537222311,5.244160809254405,4.186661872135873,5.04845825769941,7.147117156247148,5.381572649739024,3.6090218146301742,4.897273966435134
30,8.078387132363678,10.514775948761727,11.974844806475868,6.737637149889645,7.046754014398932,12.716613773315167,10.4736006398069,6.142173763002919,6.642237961536447,6.825234611533821,7.384849911391259,10.934958827045872,7.951566431775077,12.802482776305006,8.665969209990976,6.3222865374105455,7.835891237183957,10.533678373221292,12.66451539766819,6.821695037144961,11.77480413107152,6.381651019934392,5.64158916852134,5.133214583662833,13.517296230906926,23.229318437798064,12.866181370112756,11.09281528470669,10.196358891982138,8.164767550946811,1.0,8.695606519301574,6.09831314133167,9.87044377963992,7.809122213689035,4.4251618791858265,13.977030128226708,9.000513679007009,13.984633921903685,7.901223282405233,8.821489374844758,14.899559541290298,5.414385600645198,7.5065072191513105,8.389624292362212,7.558759702518162,5.0568944481477045,5.855157049622302,15.504031426620289,8.069072023795316,8.53531064600749,7.598994908476547,14.27310656514891,8.055327165181213,8.750024628596071,14.829123220052605,7.985127920266527,10.71992617765959,14.387644435582226,7.848854716787708,7.028199377429668,9.144978199541413
31,3.497922157200955,3.189011599041074,2.90653593877126,4.37143130143866,5.017933686580188,3.753263042375492,2.511718181560476,2.9127117137178757,3.030633557840684,5.444525213336106,4.538544117409542,5.8459087077048615,3.9539206335464208,3.5246343428519977,5.469641143404269,5.075921522977815,4.719087747306218,4.805913667558333,4.488336750662788,4.591529357415976,4.667720425029342,3.7512534868714194,2.126971336880751,6.99305851000065,3.786197136044464,13.159895491735842,4.649566522855023,2.241191519751029,7.252779984519726,4.917359264613887,8.695606519301574,1.0,3.0679630447202557,3.091922210305924,4.0493149073736845,3.783749299189127,4.125505475043004,5.354750379564263,4.022958860211262,3.791769336358112,4.471207531083096,4.713632298775776,3.265967056176765,5.293862678829048,3.5748915246705923,3.5044744935728387,3.557339714517829,5.630152522676641,3.706085734805849,3.986272863786296,3.1477192732371164,8.393927891467355,3.24529965136925,3.130212606749967,3.558105437048608,2.6582879524816487,3.556736079566309,4.490817295149744,4.970665601787584,4.2768701124892825,4.132006913072152,3.031283841826144
32,2.7548042742723218,2.866470331152008,2.825790964817839,4.583614889609581,4.530609423499191,3.0270662677294453,3.3726756848842663,2.889684781731279,3.358851421885418,5.156977996865135,3.900581679637044,5.105406485345532,3.6701914927728896,3.919767607898759,3.541735978739481,4.061089255097049,4.805754388421752,4.429732806395713,4.412564886937131,4.382191854445376,4.3137143600909145,3.1673283154796223,2.6735617070714297,5.4000348424634,4.1694839263142285,14.529899780608863,3.597446181125003,3.621516381520241,5.639388426925983,4.360876031419198,6.09831314133167,3.0679630447202557,1.0,2.7207527438271413,3.976271199385544,2.4709323506398917,3.506272495752938,4.394153250325082,4.339504115065037,3.5206499210992077,4.295318522290144,4.392254733158527,3.447355427521277,4.768495506232492,2.751931720606456,4.837322731340562,3.4480202806719524,4.796986549877707,5.153972860907266,3.577715755068553,3.008223885262176,8.41090309459591,2.9103862097307305,3.527998013228545,2.929130939387749,3.680705927777056,3.1727505205473365,4.091805242544042,4.026560478540064,4.500910381858428,3.58631407722704,2.4071781387406173
33,1.660363977050287,2.1880031093162966,1.2518627258673594,2.112293760584533,4.5732757446144765,1.3600924737549946,1.9654818537355208,2.240062942123789,3.911128930033193,5.760356210372209,3.9448426793545135,5.236283806157626,5.063002189075704,1.890717539032185,4.439167161361452,4.858095614160038,5.2789758435615335,1.8179111189829615,4.366632262525891,5.325806953968124,2.105595083452906,3.043908334275415,1.936609137824504,7.391661882665994,1.7935240331294269,19.1359263804453,2.009236184057641,3.1923074878872644,6.279033792684886,4.733200280895549,9.87044377963992,3.091922210305924,2.7207527438271413,1.0,4.15222293864752,2.541346825133621,2.600575869877805,4.907624755594563,3.803594364449281,4.43474120570672,4.955359423412871,1.9920919698527284,3.08069594169988,4.7514585965418,2.4598386119952687,5.645575268886079,1.955526376423574,5.973417732521392,5.341032722710106,2.3309232850736543,1.6500699415203528,9.256040947514787,1.4099573981257711,1.4645273108511458,2.1324444730904606,2.5368213439474805,4.182899328011372,1.6967709318898392,2.31838350357728,4.634218569623684,2.3143576005943904,1.4694706862776636
34,4.974793106223564,4.355594843842163,5.114890871943802,5.408227432965983,4.242056448869535,4.811057826612355,4.234230894893049,3.565783416714348,3.772440247303531,5.0509859851182295,4.095312692527448,4.4319037335063225,4.353861913148394,5.065994792059196,5.978894486957326,4.659724182340028,4.064338986837076,5.091184576405468,4.354192096726961,4.52109737534116,5.4844448893242665,3.5752572185745275,4.190034650253516,5.647858882150433,5.832137076967743,17.103083748991963,4.767071443752833,4.726014141368276,4.279250825073576,4.5969187834726535,7.809122213689035,4.0493149073736845,3.976271199385544,4.15222293864752,1.0,4.170661915004139,4.963776192423326,4.427276084109479,4.643477650576164,3.823881966588453,4.228090307998019,6.517934865862525,3.6737022431948185,4.7155274283722655,3.866882027141495,6.284507895015267,3.893287628560512,5.13139012377445,8.104007884704345,4.034568381088341,4.487560910067466,7.9838112086448145,4.784844787441807,4.869025637794156,3.955577250596842,4.354456396546158,3.303339823321656,4.682073047072644,5.901582705224344,4.806607456758261,3.795234494931168,4.0833350019958194
35,3.0170021152550595,3.326221451307484,2.45817157714196,3.2455398915823777,4.893591563201891,2.7318886376517195,2.9279394211308625,2.891524670944146,4.234858281517819,5.671322562131029,4.103458887291819,6.332752551740373,5.233805193403657,3.0704415502456293,5.049614582817431,3.6577924921308114,5.27322768816914,3.1320008222120923,5.913804542084847,4.963592466678982,3.16584889399063,2.8587840444459345,2.563618155885855,5.599699674982348,2.904672296299852,20.151574365879974,2.796795704241423,4.390300435743618,5.236162313432515,4.64971332737523,4.4251618791858265,3.783749299189127,2.4709323506398917,2.541346825133621,4.170661915004139,1.0,3.5459483605150104,5.5623618589887736,4.7838998276468505,4.985095683125888,5.4058615651707145,3.1009142979632163,3.274690141339161,5.097214441088004,3.2219782026985544,7.222610223656133,2.063407396835146,5.050668987083988,6.030246811577897,3.660110335018775,3.0790825528427925,8.851876860935116,2.7322457787110994,2.082944329866977,3.2987153805867857,3.500502417851725,4.201819180765388,3.057633014487721,3.160007312663973,5.166440870756276,3.2130953659487904,2.6508171959053133
36,3.902642517045442,1.1286658338524755,3.4350934092048613,2.7140098805818065,6.692352588611024,2.008621966039681,3.576353977853763,3.094347387280896,4.837969823173628,6.200302162281709,2.602920600050263,3.096621368009303,4.918015714557551,5.183322765156459,1.572095506438363,6.109477996632912,4.028941775974665,1.8753236708891483,3.8451747938490586,6.0429734170974845,4.7082096746823385,4.257284857324192,4.402092973388063,8.058982275687374,5.101811863687736,11.85094147366519,3.2901730562330527,3.833494578088189,3.3050976028770647,4.359255481823804,13.977030128226708,4.125505475043004,3.506272495752938,2.600575869877805,4.963776192423326,3.5459483605150104,1.0,3.0962988080482883,2.457201152520329,4.238463591946206,5.608909746858653,6.21759947831703,4.419234851035829,7.413437989711637,2.419992702429737,4.02736023355159,3.8079821861979393,8.51227716180128,3.851333881774084,3.323025284091999,3.3673259004635483,8.615197163049123,2.177552052233789,2.391006615209214,3.450689448360734,2.7443215017845364,4.05863939254642,2.179755293367992,5.423356489554405,5.748195964942585,3.332564720701182,2.405139595951108
37,5.655726762752423,2.997686181272624,6.726573507134143,4.5825552242768,6.14280875413091,5.490265922999547,4.9955648184406245,4.970356091581512,4.639126473199617,6.16529447430228,2.826784882021624,2.628049185343884,4.854560755798207,4.962199227719412,3.088378250024391,4.928094522129101,3.716622667409441,5.011636450910348,3.3367242179727685,5.669454447844526,8.321684115947757,5.511489654732716,5.452573921811597,5.990151875992535,8.699365221646875,6.8971252691960645,4.844497841698711,4.343950716832187,2.870110728506535,4.490920728121365,9.000513679007009,5.354750379564263,4.394153250325082,4.907624755594563,4.427276084109479,5.5623618589887736,3.0962988080482883,1.0,2.9281664848802302,4.248963688044792,5.524613374588736,10.1758120990893,4.149277684744571,6.502942894749653,3.4033393017622857,3.804254160933047,4.364819707841696,6.406570169049933,3.715306661899577,3.768370040533984,4.821368831281997,8.880662587180929,5.882838122119836,6.243080440616925,4.195730317636143,5.725217284174278,3.8519080272953614,4.009835267667191,7.459934967135624,5.828116791952198,3.5554111183200114,4.600495174022394
38,3.872257104535584,2.307336829203786,4.48381296232073,3.423518999504734,6.126385360174919,3.509323790800493,3.4188547438961905,3.5767830078916654,4.310435187849223,6.812404814673816,1.738227977178029,2.070276948043016,4.669093875337388,4.827578725260598,3.20068216996288,6.957946032429223,3.91121166023148,3.2454786150707835,3.186442426971416,6.208045030923735,5.710145959534957,4.979338525745172,4.773818603088507,8.870671429464243,5.889691361758688,5.793294781156941,3.2768404692781536,3.4649105847814887,2.7942119550585005,4.990448055447496,13.984633921903685,4.022958860211262,4.339504115065037,3.803594364449281,4.643477650576164,4.7838998276468505,2.457201152520329,2.9281664848802302,1.0,4.016029143724636,5.60955853491639,6.9675741703674205,4.271201934191836,6.5429796969183975,3.211216330188013,2.497727877106303,3.756562555150387,8.482068499148598,2.1461110602262465,2.94320488840301,4.237357751960784,8.456076884184744,3.8686791132512974,4.010441050935239,3.526483610114728,3.638388656694523,4.636641848409634,2.908533293125551,6.0475019150410745,5.753373352620371,3.240865321782922,3.329697102241
39,4.879803592617875,4.106158914057154,4.799377001069782,6.277188111315464,5.1084393284706975,5.059056109336299,4.0329285359536495,4.227062132855285,3.4442327752569715,4.824901245889711,4.3485005846112585,4.03339319527526,3.2587004448416264,5.46505316322104,4.61655578520139,4.582268591114394,3.633222891537248,6.247208488033618,3.973540871741623,4.656092682585912,6.2931154306262,4.044951937689642,3.987751017444544,6.340928331435355,5.672857089597899,14.683667313799711,6.172484315856248,3.717022637075841,4.6302382472842165,3.9517579280542856,7.901223282405233,3.791769336358112,3.5206499210992077,4.43474120570672,3.823881966588453,4.985095683125888,4.238463591946206,4.248963688044792,4.016029143724636,1.0,3.852297356006448,6.8897354081164135,3.458585006421457,5.124148830202649,4.130078325999729,4.424792623644583,5.1150205574689735,5.510214366642324,5.061463576109273,4.66232249660904,4.679573855686927,8.10358946659563,4.572106846153922,5.420885639161438,4.089255151070672,3.942707684534548,3.448467950683385,6.2695930629434615,6.499695231257487,4.304173787942484,5.421332589261688,4.004359314262723
40,5.580582264539217,5.34936584049732,5.247496502271932,6.383074563694914,5.514856578317635,5.685285568200694,5.277252195055433,4.972920735990154,3.819869896065834,4.399456287472719,5.656082775354525,5.698928619895636,3.8634253668381127,5.994707918832324,6.2349930346351226,5.224974583170838,4.721581339273169,6.369941015568714,5.113631993551183,4.404262364850596,6.093786578303477,4.761320297902633,4.566093070269127,6.189280275096679,6.178814587698225,7.123031016788958,6.204523089782262,4.85466432091145,6.032630313846733,5.204733202390829,8.821489374844758,4.471207531083096,4.295318522290144,4.955359423412871,4.228090307998019,5.4058615651707145,5.608909746858653,5.524613374588736,5.60955853491639,3.852297356006448,1.0,7.175319328022982,4.48238592980826,5.456337638699997,4.956721610256966,5.620821787958092,5.09300129885914,5.161451401171024,5.84911728207401,5.25119583564679,5.356356935399852,7.7674369755412975,5.412673514831115,5.545750667593643,5.035001560014171,4.733730414831948,4.292936593103351,6.125430504934926,6.9074041853102655,4.356753538946732,5.225832762518983,4.952162308216316
41,1.6634353913057849,4.20844917309877,1.3219505877152178,0.8707112512650007,7.098327126915503,1.0702763519839946,1.8405206738420783,2.670516723297024,6.134366061411189,9.569664527357462,9.13841285672414,9.17486338655843,7.667276006980658,1.2374713252159666,9.749649641393429,8.840916388353737,10.516250194199213,0.6994501173492087,9.480754959191808,8.878621874888402,1.626063128768783,4.131680943226013,2.920197799140543,12.921488329928112,0.5987091369676397,20.750800530805787,1.2878758113690452,4.211770506037416,13.199833925880826,8.459185847039269,14.899559541290298,4.713632298775776,4.392254733158527,1.9920919698527284,6.517934865862525,3.1009142979632163,6.21759947831703,10.1758120990893,6.9675741703674205,6.8897354081164135,7.175319328022982,1.0,5.133837140924055,7.988070727547802,4.646451033584498,7.489764455335135,2.356142147154039,9.943419576392577,5.437201555407463,4.011171574772109,1.698826525916188,18.43451010773088,1.33131760609328,0.9936504212153168,3.005665746971107,3.434153421093502,6.893776706826328,0.9274258922250412,0.7423458336111745,6.670858829227356,3.1933175989589917,2.0828602571876225
42,3.5593603947313817,3.862658348741671,3.389575625180392,4.439527376458054,4.252429475027069,3.948377553030942,3.423946656030808,2.8944565853441,3.2933423406355047,5.302802010080852,4.137182963034039,4.451010410608099,4.092467669915108,4.117508422164154,4.660472532762855,5.122259274818443,4.089221691243101,5.031277762367711,3.068013670805421,4.221293072541442,4.243704977823787,3.1812401666733154,3.2341864008613603,6.345133744763446,4.2350976493231975,15.199010638578994,4.611585793368399,3.5704626187689232,4.943415220683343,4.148235352762538,5.414385600645198,3.265967056176765,3.447355427521277,3.08069594169988,3.6737022431948185,3.274690141339161,4.419234851035829,4.149277684744571,4.271201934191836,3.458585006421457,4.48238592980826,5.133837140924055,1.0,4.547847829164526,3.746770473110813,5.107474739473649,3.1506765763480944,5.106873004501001,6.042444737556712,2.9116790692803867,3.137503782652707,8.161725061129978,3.946814599062197,3.690998903788487,2.895790760279584,4.136681521375389,3.876340424630723,4.389316247358004,5.186635306844867,4.445253039818143,3.094707999431943,3.376977506979048
43,5.115216964540421,6.158256364327302,5.718061214328273,6.863509808340088,3.4572450808087285,6.121407795350013,5.425999600628175,4.795331434911477,5.27683234294023,6.217222509889204,6.946917103971417,6.794348309979751,5.65223565452604,6.937405621512501,7.868891285943984,7.752338618273834,5.487626345268135,7.552470724904684,5.575243179456336,5.556551719049658,6.60119521440225,5.047210738699575,5.5794736770660425,8.431883025904385,7.158111455213588,17.599336691302756,6.575367809423873,5.941829117770864,6.48216512683782,6.51150651023588,7.5065072191513105,5.293862678829048,4.768495506232492,4.7514585965418,4.7155274283722655,5.097214441088004,7.413437989711637,6.502942894749653,6.5429796969183975,5.124148830202649,5.456337638699997,7.988070727547802,4.547847829164526,1.0,5.932313830703194,7.483460114231739,4.182968915401605,6.004637823760561,8.842878064118544,4.163432970419036,5.6644036931043065,8.29199595484437,6.352259007852484,5.90417872316536,4.643026132412722,6.498250159156377,5.235881076160757,6.797288555259571,7.6673410599382334,5.71450729034833,5.559644320510655,4.660800084615798
44,3.839330288900757,2.071851976343048,2.791819660686726,3.858579646497736,5.087282546318953,2.999913628785055,3.922951416818244,3.207238107511262,4.121540985008116,5.703905724522532,2.663491595591499,3.549406034023144,4.916454400677033,4.403959875980438,2.569941729415317,3.053455884022255,4.4013327744111415,2.740199667636204,2.804796748582501,5.233617678732868,3.9676753265466207,3.208492459494248,2.935342495686476,5.307070015333928,3.545323677653033,19.592953779076552,3.595884155602588,4.127263307396195,4.455675557045141,4.148985640896565,8.389624292362212,3.5748915246705923,2.751931720606456,2.4598386119952687,3.866882027141495,3.2219782026985544,2.419992702429737,3.4033393017622857,3.211216330188013,4.130078325999729,4.956721610256966,4.646451033584498,3.746770473110813,5.932313830703194,1.0,7.249942814585371,3.755047003219623,5.411338116610376,5.627943652902854,3.162980664778634,3.074257376540762,8.820148132066553,2.668848815757569,2.902798761081764,3.340417399098736,3.713306917095355,3.671322272721768,2.9923951322067066,4.308983406920293,4.789550571260199,2.8044780456517326,2.5353574654070754
45,6.083150296554348,3.3402240078315395,6.245575672736683,7.467432838845474,7.707033605242261,7.23589186348851,3.977757758522628,4.696827162428823,4.374212524935633,6.5912160763879655,4.026510583979313,4.20540265761751,4.555470878157092,6.359531192580552,5.311344991557832,8.668360457839219,4.3298175839488575,7.817282598033518,4.785913874433584,5.704511359597586,7.82864934257046,6.612970045072089,4.786084983895831,9.736764667573144,7.031584709033472,4.09214959721151,7.808926356463298,3.259649395143398,5.586732496047204,6.272936620796644,7.558759702518162,3.5044744935728387,4.837322731340562,5.645575268886079,6.284507895015267,7.222610223656133,4.02736023355159,3.804254160933047,2.497727877106303,4.424792623644583,5.620821787958092,7.489764455335135,5.107474739473649,7.483460114231739,7.249942814585371,1.0,6.015260537449478,7.898286874546429,2.284471193287726,7.25280314969173,6.428215225709317,7.7748472809712945,5.488738531973106,6.038662297345796,5.427086762792137,4.017189351946041,4.339276592406832,7.855051488348583,7.913701800628488,5.663285469825507,7.521100853175645,5.096556479156237
46,2.0545850884233263,2.9403070643054137,1.974197796497386,2.4801913588770805,3.6021740401609,1.7768072962881842,2.2103556521041074,2.506015693358886,4.105059067969428,6.027454048654971,3.833711263458045,4.510318715787162,5.241781462652141,2.052110077604575,4.848630761976726,4.821596290404997,5.40606977182748,2.246506288436498,3.83941624682626,4.906218890795598,2.268559669382055,3.042393927991023,2.5653970544111098,7.343989078410637,2.04463067110762,19.117607989824094,2.210564145174567,3.7702270729708,5.141339300640652,5.329876351439109,5.0568944481477045,3.557339714517829,3.4480202806719524,1.955526376423574,3.893287628560512,2.063407396835146,3.8079821861979393,4.364819707841696,3.756562555150387,5.1150205574689735,5.09300129885914,2.356142147154039,3.1506765763480944,4.182968915401605,3.755047003219623,6.015260537449478,1.0,6.044608376451953,6.02178515734288,2.145561935219744,2.153974393913337,9.313271418583106,2.3814191032748533,1.8391743587975744,2.3739988416408124,3.9052116529942262,4.502649981042053,1.882439436214194,2.53069715858365,4.943519022236875,2.0997997005180262,1.905101190678874
47,6.592816788375618,7.551546480615756,7.13077169337907,7.562957807733146,5.387317731298282,7.817240529664606,7.78580765696791,5.88845410188689,5.460587379997922,4.280919786406126,6.405745514843266,7.273750363043115,5.001625094318875,8.02864439173375,7.582525013132114,4.560207460909907,5.274694215715738,8.310843977285524,7.6346509489905054,3.9622886101713046,7.531178481018789,5.484584244435006,5.453329401931434,4.7627187352488,8.441604009376979,16.528772537009925,8.156961758515909,7.609568626015178,6.506415129552188,4.97788115857424,5.855157049622302,5.630152522676641,4.796986549877707,5.973417732521392,5.13139012377445,5.050668987083988,8.51227716180128,6.406570169049933,8.482068499148598,5.510214366642324,5.161451401171024,9.943419576392577,5.106873004501001,6.004637823760561,5.411338116610376,7.898286874546429,6.044608376451953,1.0,9.823455885051876,6.669906793545807,6.647889460836349,6.906557155124303,7.996851563445196,5.844103374967596,6.668734910391809,8.773397268337064,5.45208707938976,8.37672056413551,9.139839120416534,5.724085875372957,5.756496123087203,6.193013689232318
48,5.120381209497846,2.142793491050448,4.79934872414306,5.520038362410435,8.7631226620752,5.423824662711279,3.5084354879561284,5.062035418285819,4.698598706256588,6.908388698261618,5.4535603278671525,4.996504941985272,5.373202732304398,5.393973728981327,5.783514485062659,8.880316029106512,5.6044127735382485,5.57337638685318,5.967155527089775,6.870705537957675,5.718113100331909,5.931912264567294,3.9871062797351726,10.71642231955854,5.293468705215989,4.026752105419456,5.789373810149358,3.3723182841542823,6.963861140004794,7.288526963448686,15.504031426620289,3.706085734805849,5.153972860907266,5.341032722710106,8.104007884704345,6.030246811577897,3.851333881774084,3.715306661899577,2.1461110602262465,5.061463576109273,5.84911728207401,5.437201555407463,6.042444737556712,8.842878064118544,5.627943652902854,2.284471193287726,6.02178515734288,9.823455885051876,1.0,6.403531456564401,4.923733648888002,8.557358434344795,5.405496440661706,4.88808660500136,5.561268078235545,3.7095014727895257,4.936536797751119,5.640064233043612,5.790718087777576,5.877770704621361,5.882591790107511,4.898135698567066
49,2.806627958864925,3.0126058007327576,2.45571859532317,3.1667013550637053,3.9240418488091935,2.829203818175168,2.3760863340390816,2.3884188314687664,4.439691020713326,6.132255064222688,3.2965691715548724,3.5733899408750918,5.533761476986039,2.8418902141175133,4.031363262195796,5.681296982340815,4.290388012254522,3.250502034479529,2.3164532768448467,5.752320508181952,3.1013224669716686,3.161927022379359,2.976809477344944,7.504837545230806,3.240397130825264,20.58646936016918,2.934661625535371,4.011781109383879,4.2620331636023625,4.631156256576493,8.069072023795316,3.986272863786296,3.577715755068553,2.3309232850736543,4.034568381088341,3.660110335018775,3.323025284091999,3.768370040533984,2.94320488840301,4.66232249660904,5.25119583564679,4.011171574772109,2.9116790692803867,4.163432970419036,3.162980664778634,7.25280314969173,2.145561935219744,6.669906793545807,6.403531456564401,1.0,2.4060574285039467,8.853820249102448,3.0704500995280006,2.958849396095052,2.3608056998350264,3.914379777102407,4.484677658970006,3.176222285716443,4.107920237358485,4.963956344792487,2.1420219470256465,2.4238256598251
50,2.0288333536046355,2.938620610706534,1.349739863630352,1.9268455122405077,4.8980673286255065,1.5189274389262335,1.4364986594904994,1.7936124342949145,3.901093235945824,6.273758344064868,4.710981873288237,4.807838662167822,5.403557368905388,1.4015599527944826,6.131787528864241,4.573918496828297,6.015389137639632,1.636774945581626,4.048830231915608,5.90893102971032,1.5132152505388683,2.8432661660045917,1.8050167964148036,6.637042997001911,1.3912023656127774,19.18578104881291,2.041574337260675,2.8793337859315526,6.31029116635016,4.963214534737201,8.53531064600749,3.1477192732371164,3.008223885262176,1.6500699415203528,4.487560910067466,3.0790825528427925,3.3673259004635483,4.821368831281997,4.237357751960784,4.679573855686927,5.356356935399852,1.698826525916188,3.137503782652707,5.6644036931043065,3.074257376540762,6.428215225709317,2.153974393913337,6.647889460836349,4.923733648888002,2.4060574285039467,1.0,9.646735542729418,1.678480882787528,1.3325259485925405,2.2275913502011617,2.677274034723388,4.304485723644601,1.5823775117366567,2.0665277326223888,4.999603694275827,2.3120255698304537,1.8860369356008475
51,9.320300662042188,9.186025121572506,9.750558241208662,10.454484569523103,8.370360680186854,10.029648736635911,9.556959424980963,9.238061737297828,8.01640012189759,7.024113558289692,8.026645329128339,8.240584287662248,7.606873711917289,13.063755500179052,8.855166153716254,8.252522736203458,7.320468702447284,11.60598909112427,8.55088612282072,7.135129573692095,12.979673981627386,9.0731173931327,8.932933580293527,6.980666980354322,14.26775067680974,12.526734538161962,10.501434218449312,8.612130209415925,8.043380099472806,7.842928952711805,7.598994908476547,8.393927891467355,8.41090309459591,9.256040947514787,7.9838112086448145,8.851876860935116,8.615197163049123,8.880662587180929,8.456076884184744,8.10358946659563,7.7674369755412975,18.43451010773088,8.161725061129978,8.29199595484437,8.820148132066553,7.7748472809712945,9.313271418583106,6.906557155124303,8.557358434344795,8.853820249102448,9.646735542729418,1.0,9.917424555963423,9.876690952972163,9.129581289707888,9.101345460821843,7.8188536778584,10.797756529027112,15.393409575133829,8.35229291309505,9.382040997582074,9.22273384364887
52,1.6788209030743284,1.8927336350210384,1.266202282850336,1.659538922753619,6.223447042340481,0.8941602392182171,2.2301991892608464,2.6682755519707357,4.24075966125348,6.073995861333544,4.743259286359816,6.240558240306107,5.130568474681329,1.7171432667486746,4.355722767973943,6.5074912884718925,5.654970722827873,1.0385902334151575,5.476687741415977,6.059865481464204,2.045949056088975,3.6066841705014654,2.190330836254992,8.82536267728876,1.4361521051196728,18.91051027320317,1.7268151873108168,3.1086690429412207,8.116023688066875,5.230033011464604,14.27310656514891,3.24529965136925,2.9103862097307305,1.4099573981257711,4.784844787441807,2.7322457787110994,2.177552052233789,5.882838122119836,3.8686791132512974,4.572106846153922,5.412673514831115,1.33131760609328,3.946814599062197,6.352259007852484,2.668848815757569,5.488738531973106,2.3814191032748533,7.996851563445196,5.405496440661706,3.0704500995280006,1.678480882787528,9.917424555963423,1.0,1.3590533540880774,2.504887945931753,2.3273160872622705,4.314652166725179,1.0745009083364103,1.9508610246063844,5.1788252579489376,2.65335708708317,1.4626900056118604
53,1.4961059941421375,2.483267416129172,1.0355879737412936,1.1744898052042207,5.001863930443373,0.7902529137930008,1.4923357328338231,2.0975949620861827,4.145419081090531,6.029436765987992,5.093147879320373,6.499637830154338,5.724018884665085,1.2569597763871965,4.701018800147259,5.223671777216968,5.917802817409484,1.0262013201874056,5.6808328709251015,6.024982072583613,1.6607561322730937,3.354213231772317,2.052387818933259,6.248030289505229,0.8442236592327181,18.724923285259838,1.3694075668655703,2.6970748408623395,8.452259734375032,5.189405598758975,8.055327165181213,3.130212606749967,3.527998013228545,1.4645273108511458,4.869025637794156,2.082944329866977,2.391006615209214,6.243080440616925,4.010441050935239,5.420885639161438,5.545750667593643,0.9936504212153168,3.690998903788487,5.90417872316536,2.902798761081764,6.038662297345796,1.8391743587975744,5.844103374967596,4.88808660500136,2.958849396095052,1.3325259485925405,9.876690952972163,1.3590533540880774,1.0,2.529005964588873,2.911064103789669,4.465846882802122,0.9650904746156924,1.3657956575292902,5.188763761808074,2.520683464437248,1.765188472589078
54,2.1453973894597334,2.6231704988934936,2.390715145957148,2.8334738052924946,4.939585388573786,2.332005262922774,2.1791753273450847,1.9205430735750908,3.838794544168142,5.850011418130011,3.9081272427852554,4.444982909933515,4.486767316164342,2.343402693553009,4.35048406653085,5.210992455645613,4.922911803770647,2.926433273810011,2.7866898540840626,5.663536469670943,2.3114436518141623,2.779009958507597,2.3861226418966472,7.310200812636421,2.79486806202046,17.676372099299144,2.465432414631607,3.3156721786182275,5.522691614557944,5.174298537222311,8.750024628596071,3.558105437048608,2.929130939387749,2.1324444730904606,3.955577250596842,3.2987153805867857,3.450689448360734,4.195730317636143,3.526483610114728,4.089255151070672,5.035001560014171,3.005665746971107,2.895790760279584,4.643026132412722,3.340417399098736,5.427086762792137,2.3739988416408124,6.668734910391809,5.561268078235545,2.3608056998350264,2.2275913502011617,9.129581289707888,2.504887945931753,2.529005964588873,1.0,3.0417638381550884,3.938345267983978,2.8325416357582287,3.07375562305876,4.582664132762095,2.062918933549811,1.9408060077393996
55,2.542311655341456,2.132873405797721,2.3181324595863533,3.878160225742382,6.494546364392827,2.576139071842071,2.694799879178148,3.349612325171699,3.4375090021717982,5.898240785225891,4.843444761234135,5.466324553039942,4.299073581894827,2.7211425526276165,4.779943522923315,7.569169980724386,5.154642365051164,3.733191608930177,5.616089846733489,5.729852142280288,4.133411366017703,3.888615586155236,2.4352214811754327,9.945020469606106,3.539105761745704,16.103951057978023,3.516302310877505,2.1966383292106157,7.498606743609507,5.244160809254405,14.829123220052605,2.6582879524816487,3.680705927777056,2.5368213439474805,4.354456396546158,3.500502417851725,2.7443215017845364,5.725217284174278,3.638388656694523,3.942707684534548,4.733730414831948,3.434153421093502,4.136681521375389,6.498250159156377,3.713306917095355,4.017189351946041,3.9052116529942262,8.773397268337064,3.7095014727895257,3.914379777102407,2.677274034723388,9.101345460821843,2.3273160872622705,2.911064103789669,3.0417638381550884,1.0,3.428601856808686,3.729823454743228,3.388012241022603,4.714224872690492,4.189873775247231,2.2778928078465914
56,4.562791437873531,3.2941551687668817,4.626049236862378,5.053604297257595,5.087663545914817,4.5705559826333975,3.955238904541301,3.7198856014569817,3.5660297681660413,5.034124610224614,3.484046696195388,3.5057667423357124,3.821601330901767,4.792846832663034,5.00837874285275,4.165849648436279,3.6420950183485687,5.190481932556226,4.001106869114662,4.776504698979117,5.862955731513221,4.132788509973524,3.872273667901285,5.123036381495395,5.508445316371744,9.120453150705188,4.984923642581524,3.859843034089726,4.047056122639455,4.186661872135873,7.985127920266527,3.556736079566309,3.1727505205473365,4.182899328011372,3.303339823321656,4.201819180765388,4.05863939254642,3.8519080272953614,4.636641848409634,3.448467950683385,4.292936593103351,6.893776706826328,3.876340424630723,5.235881076160757,3.671322272721768,4.339276592406832,4.502649981042053,5.45208707938976,4.936536797751119,4.484677658970006,4.304485723644601,7.8188536778584,4.314652166725179,4.465846882802122,3.938345267983978,3.428601856808686,1.0,4.921135239897007,6.3734173934263545,4.433456946903711,4.137276659873529,3.850880519187821
57,1.5360546847238343,1.5213289678177535,1.3351424474053797,0.698478734022466,6.111224731192066,0.876278888042322,1.793908123516528,2.42192672242333,5.391416334660031,6.830515133185368,3.32109812061284,4.297528213493843,6.748049035381673,1.415223159028591,3.3848622312823653,5.310796670150952,5.934243684959252,0.4129775507132627,4.224673367163926,7.015463852556676,1.656694169373288,3.874191393484911,2.7331800066865077,8.18813455200123,0.9903236627359632,21.22317360035738,1.4537965889947488,4.637077491093497,5.438820180216749,5.04845825769941,10.71992617765959,4.490817295149744,4.091805242544042,1.6967709318898392,4.682073047072644,3.057633014487721,2.179755293367992,4.009835267667191,2.908533293125551,6.2695930629434615,6.125430504934926,0.9274258922250412,4.389316247358004,6.797288555259571,2.9923951322067066,7.855051488348583,1.882439436214194,8.37672056413551,5.640064233043612,3.176222285716443,1.5823775117366567,10.797756529027112,1.0745009083364103,0.9650904746156924,2.8325416357582287,3.729823454743228,4.921135239897007,1.0,1.2380802462054106,5.59068114779287,2.6789514220674224,1.92656379237634
58,1.7924289894001604,4.270013492766541,1.6749993882318004,1.1839267972415084,6.723941312211973,1.3945305518562283,2.058611788887162,2.9878128940102795,6.173997153383086,7.902300574226663,8.031044673554083,7.127484670103913,6.853095085578353,1.553137293639821,8.787317320345451,6.835499713354647,9.260601196256532,1.0732700116952436,7.712034989378869,7.715506643448922,1.779925310142302,4.153884684262472,3.0670333395068488,10.333196760424716,1.065146632055331,21.22970770143771,1.4648907757525849,4.642695022701261,9.267944398265136,7.147117156247148,14.387644435582226,4.970665601787584,4.026560478540064,2.31838350357728,5.901582705224344,3.160007312663973,5.423356489554405,7.459934967135624,6.0475019150410745,6.499695231257487,6.9074041853102655,0.7423458336111745,5.186635306844867,7.6673410599382334,4.308983406920293,7.913701800628488,2.53069715858365,9.139839120416534,5.790718087777576,4.107920237358485,2.0665277326223888,15.393409575133829,1.9508610246063844,1.3657956575292902,3.07375562305876,3.388012241022603,6.3734173934263545,1.2380802462054106,1.0,6.145468606151033,3.150281141506944,2.2475344953345298
59,5.168807627146893,5.458487074378648,5.01289343309897,5.632629090927002,5.605579886618596,5.265398269793998,5.038920101517118,4.752525552865016,3.9830442197641047,5.007981932968181,5.707621182019667,6.071771315644195,4.286276307079636,5.355515997863651,6.447569112823471,5.411664460254053,5.592499354105682,5.75145809966775,5.082480514425953,4.596049272308375,5.658948834957767,4.640427844538944,4.21473536823315,6.327238821363333,5.497502401342691,11.14233276066158,5.666955739365964,4.702766021108377,6.841701423410131,5.381572649739024,7.848854716787708,4.2768701124892825,4.500910381858428,4.634218569623684,4.806607456758261,5.166440870756276,5.748195964942585,5.828116791952198,5.753373352620371,4.304173787942484,4.356753538946732,6.670858829227356,4.445253039818143,5.71450729034833,4.789550571260199,5.663285469825507,4.943519022236875,5.724085875372957,5.877770704621361,4.963956344792487,4.999603694275827,8.35229291309505,5.1788252579489376,5.188763761808074,4.582664132762095,4.714224872690492,4.433456946903711,5.59068114779287,6.145468606151033,1.0,5.092801258046962,4.701205639597778
60,2.5978455851801714,2.748705728154554,2.4105845188577395,2.7098327053707068,4.726572779824904,2.493415096436519,2.405973615379504,2.375988178803898,4.601522568452637,5.9194518108609495,3.451445840924107,3.8801893814849095,5.876993955253793,2.434856038580061,3.7202053839418494,3.807051709664944,4.966432153816682,2.8943184521468464,2.9690744798372566,5.814674711372346,2.584497069931881,2.953149520934365,2.8385741560577604,5.605473298343939,2.821483578288011,20.279950301182005,2.655087362350358,4.018672905690861,4.198150668873601,3.6090218146301742,7.028199377429668,4.132006913072152,3.58631407722704,2.3143576005943904,3.795234494931168,3.2130953659487904,3.332564720701182,3.5554111183200114,3.240865321782922,5.421332589261688,5.225832762518983,3.1933175989589917,3.094707999431943,5.559644320510655,2.8044780456517326,7.521100853175645,2.0997997005180262,5.756496123087203,5.882591790107511,2.1420219470256465,2.3120255698304537,9.382040997582074,2.65335708708317,2.520683464437248,2.062918933549811,4.189873775247231,4.137276659873529,2.6789514220674224,3.150281141506944,5.092801258046962,1.0,2.445790785750842
61,1.6346132093102108,1.8792486501826935,1.5813955195981246,2.0748108920521444,4.516083917373933,1.4981935646243574,2.052283862962942,2.210462994083422,3.5173043426037074,5.869432412023093,3.650515349191183,4.911052762590193,4.431512266245873,2.190957535043577,3.599424820283136,4.899564103006147,4.76316357240956,1.991254404327903,3.8392072118068503,5.527449267414504,2.1539418207248118,2.7811636976885232,2.239474339742096,6.9201374526600015,2.0556376686098403,18.17968312299509,2.003028240907836,3.077629759882467,6.187589748329455,4.897273966435134,9.144978199541413,3.031283841826144,2.4071781387406173,1.4694706862776636,4.0833350019958194,2.6508171959053133,2.405139595951108,4.600495174022394,3.329697102241,4.004359314262723,4.952162308216316,2.0828602571876225,3.376977506979048,4.660800084615798,2.5353574654070754,5.096556479156237,1.905101190678874,6.193013689232318,4.898135698567066,2.4238256598251,1.8860369356008475,9.22273384364887,1.4626900056118604,1.765188472589078,1.9408060077393996,2.2778928078465914,3.850880519187821,1.92656379237634,2.2475344953345298,4.701205639597778,2.445790785750842,1.0
